,Unnamed: 0,api_path,primary_artist,title,url,song_endpoint,album,release_date,lyrics,anger,anticipation,disgust,fear,joy,negative,positive,sadness,surprise,trust,polarity
0,0,/songs/2456412,Dua Lipa,Bad Together,https://genius.com/Dua-lipa-bad-together-lyrics,http://api.genius.com/songs/2456412,Dua Lipa (Deluxe),2017-06-02," Know you're bad for me, but you know I am too Me and you together, like a loved up bruise I'll make you an offer that you can't refuse Baby, you're okay Baby, you're okay No, you won't, won't go breaking my heart You've seen that we got the same pain, same scar Felt that when we got closer in the dark Baby, I'm okay Baby, I'm okay   Baby, when When you're far away, I promise you I'll be good I guess we're misunderstood So baby, please, don't hear what people say 'Cause I've heard things 'bout you too Makes me know that I'm for you   Oh, no, I don't care what's been done here before me I don't give a damn, just as long as you care 'Cause, baby, I've been bad, but the heavens forgave me You don't need to ask 'cause I'm already there Let's be bad together, baby, you and I Let's be bad together, if only for a while Let's be bad together, make the devil smile Let's be bad together, let's be bad together, ooh yeah   Nothing could stop us, we got it all The love, the passion, but most of all We mess up, but run from the scene But I throw my hands up, if you know what I mean Ah, 'cause I'm not afraid to tell you when you're wrong And I know that you miss me when I'm gone We make a great team With you, I'm badder than I've ever been   Baby, when When you're far away, I promise you I'll be good I guess we're misunderstood So baby, please, don't hear what people say 'Cause I've heard things 'bout you too Makes me know that I'm for you   Oh, no, I don't care what's been done here before me I don't give a damn, just as long as you care 'Cause, baby, I've been bad, but the heavens forgave me You don't need to ask 'cause I'm already there Let's be bad together, baby, you and I Let's be bad together, if only for a while Let's be bad together, make the devil smile Let's be bad together, let's be bad together, ooh yeah   Let's be bad, babe Let's be bad Let's be bad, babe Let's be bad Let's be bad, babe Let's be bad Let's be bad, babe   Oh, no, I don't care what's been done here before me I don't give a damn, just as long as you care 'Cause, baby, I've been bad, but the heavens forgave me You don't need to ask 'cause I'm already there Let's be bad together, baby, you and I Let's be bad together, if only for a while Let's be bad together, make the devil smile Let's be bad together, let's be bad together, ooh yeah",35,10,34,32,23,41,35,32,7,20,-0.9986
1,1,/songs/3631614,Dua Lipa,Bad To You,https://genius.com/Dua-lipa-bad-to-you-lyrics,http://api.genius.com/songs/3631614,Unreleased,2018-09-21," Tell me why Are you only good to me When I'm bad to you Why are you only   Soft, thinking like a victim Climbed out the bodybag Right after the attack Caught you dreaming",3,1,1,3,1,3,1,2,1,1,-0.5106
2,2,/songs/3243292,Dua Lipa,Bang Bang,https://genius.com/Dua-lipa-bang-bang-lyrics,http://api.genius.com/songs/3243292,None,2017-10-20," I was five, and he was six We rode on horses made of sticks He wore black and I wore white He would always win the fight   Bang bang He shot me down Bang bang I hit the ground Bang bang That awful sound Bang bang My baby shot me down   Seasons came and changed the time When I grew up, I called him mine He would always laugh and say ""Remember when we used to play""   Bang bang I shot you down Bang bang You hit the ground Bang bang That awful sound Bang bang I used to shoot you down   Music played and people sang Just for me the church bells rang Oh-oh-oh-oh-oh-oh-oh-oh-oh-oh Now he's gone, I don't know why And 'til this day, I sometimes cry He didn't even say goodbye He didn't take the time to lie   Bang bang He shot me down Bang bang I hit the ground Bang bang That awful sound Bang bang My baby shot me down   Oh-ooh-ooh-ooh-ooh My baby shot me down",39,4,28,35,7,41,8,37,31,7,-0.5994
3,3,/songs/3050839,Dua Lipa,Begging,https://genius.com/Dua-lipa-begging-lyrics,http://api.genius.com/songs/3050839,Dua Lipa (Deluxe),2017-06-02," All of these highs And all of these lows Don't keep me company I've been breathing you in And drinking you down You're the only remedy   Say you're gonna hold my head up Say you're gonna break my fall Say you're gonna stay forever Baby, this is all I want   'Cause all my bones Are begging me to beg for you Begging me to beg for your love Oh, my lungs Are begging me to beg for you Begging me to beg for your love Swear I'm gonna hold your head up Swear I'm gonna break your fall Swear we're gonna last forever Baby, this is all I want 'Cause all my bones Are begging me to beg for you Begging me to beg for your love   Losing my mind Dreaming I'll find Another kind of love But this blood in my veins And the thought of your taste No, I can't give it up So look at my face I'm not running away   'Cause all my bones Are begging me to beg for you Begging me to beg for your love Swear I'm gonna hold your head up Swear I'm gonna break your fall Swear we're gonna last forever Baby, this is all I want 'Cause all my bones Are begging me to beg for you Begging me to beg for your love   Say you're gonna hold my head up Say you're gonna break my fall Say you're gonna stay forever Baby, this is all I want   Swear I'm gonna hold your head up Swear I'm gonna break your fall Swear we're gonna last forever Baby, this is all I want 'Cause all my bones Are begging me to beg for you Begging me to beg for your love Oh, my lungs Are begging me to beg for you Begging me to beg for your love",1,2,0,0,15,35,25,20,5,12,0.9851
4,4,/songs/2342780,Dua Lipa,Be the One,https://genius.com/Dua-lipa-be-the-one-lyrics,http://api.genius.com/songs/2342780,Dua Lipa (Deluxe),2015-10-30," I see the moon, I see the moon, I see the moon Oh, when you're looking at the sun I'm not a fool, I'm not a fool, not a fool No, you're not fooling anyone   Oh, but when you're gone When you're gone, when you're gone Oh baby, all the lights go out Thinking, oh that, baby, I was wrong I was wrong, I was wrong Come back to me, baby, we can work this out   Oh baby, come on, let me get to know you Just another chance so that I can show That I won't let you down and run No, I won't let you down and run 'Cause I could be the one I could be the one I could be the one I could be the one   I see in blue, I see in blue, I see in blue Oh, when you see everything in red There is nothing that I wouldn't do for you Do for you, do for you Oh, 'cause you got inside my head   Oh, but when you're gone When you're gone, when you're gone Oh baby, all the lights go out Thinking, oh that, baby, I was wrong I was wrong, I was wrong Come back to me, baby, we can work this out   Oh baby, come on, let me get to know you Just another chance so that I can show That I won't let you down and run No, I won't let you down and run 'Cause I could be the one I could be the one I could be the one   Be the one, be the one, be the one Be the one, be the one, be the one I could be the one Be the one, be the one, be the one Be the one, be the one, be the one I could be the one Be the one, be the one, be the one Be the one, be the one, be the one I could be the one Be the one, be the one, be the one Be the one, be the one, be the one Will you be mine?   Oh baby, come on, let me get to know you Just another chance so that I can show That I won't let you down and run No, I won't let you down and run 'Cause I could be the one I could be the one I could be the one",0,1,3,0,10,9,10,3,4,4,-0.8813
5,5,/songs/2814443,Dua Lipa,Between a Bullet and Heartbreak,https://genius.com/Dua-lipa-between-a-bullet-and-heartbreak-lyrics,http://api.genius.com/songs/2814443,Unreleased,2018-09-21," You don't know what you've lost 'til it's gone You can't hear the silence up to this lung You can't tie heartstrings when they're left undone You can't go back when you've left too long I tried to push us to the very end I needed a lover more than a friend But I hit the limit I didn't intend And I just wanna make amends   Wish that you would hold on, hold on, hold on, hold onto me Hold on, hold on, hold on, hold onto me Hold on, hold on, hold on, hold onto me now, yeah   I put myself between a bullet and a heartbreak And now I'm staring at the emptiness that I've made I put myself between a bullet and a heartbreak And all I wanted was you but I shot love down, down, down Down, down, down, down   In the darkness, I hear your voice Memories of us I feel destroyed My mind is playing tricks and I have no choice Without you, my heart makes no noise   Wish that you would hold on, hold on, hold on, hold onto me Hold on, hold on, hold on, hold onto me Hold on, hold on, hold on, hold onto me now, yeah   I put myself between a bullet and a heartbreak And now I'm staring at the emptiness that I've made I put myself between a bullet and a heartbreak And all I wanted was you but I shot love down, down, down Down, down, down, down   All I needed was you All I wanted was you All I needed was you   I put myself between a bullet and a heartbreak And now I'm staring at the emptiness that I've made I put myself between a bullet and a heartbreak And all I wanted was you but I shot love down, down, down Down, down, down, down",6,2,0,5,5,12,8,9,4,4,-0.9705
6,6,/songs/2461299,Dua Lipa,Blow Your Mind (Mwah),https://genius.com/Dua-lipa-blow-your-mind-mwah-lyrics,http://api.genius.com/songs/2461299,Dua Lipa (Deluxe),2016-08-26," I know it's hot I know we've got Something that money can't buy Fighting in fits Biting your lip Loving 'til late in the night   Tell me I'm too crazy You can't tame me, can't tame me Tell me I have changed But I'm the same me, old same me Inside Hey!   If you don't like the way I talk, then why am I on your mind? If you don't like the way I rock, then finish your glass of wine We fight and we argue, you'll still love me blind If we don't fuck this whole thing up Guaranteed, I can blow your mind Mwah!   And tonight I'm alive, ain't no dollar sign Guaranteed, I can blow your mind, mwah And tonight I'm alive, ain't no dollar sign Guaranteed, I can blow your mind, mwah (Mwah, mwah, mwah, mwah)   Yeah, I'm so bad Best that you've had I guess you're diggin' the show Open the door You want some more When you wanna leave, let me know   Tell me I'm too crazy You can't tame me, can't tame me Tell me I have changed But I'm the same me, old same me Inside Hey!   If you don't like the way I talk, then why am I on your mind? If you don't like the way I rock, then finish your glass of wine We fight and we argue, you'll still love me blind If we don't fuck this whole thing up Guaranteed, I can blow your mind Mwah!   And tonight I'm alive, ain't no dollar sign Guaranteed, I can blow your mind, mwah And tonight I'm alive, ain't no dollar sign Guaranteed, I can blow your mind, mwah   And tonight I'm alive, ain't no dollar sign Guaranteed, I can blow your mind, mwah, hey! And tonight I'm alive, ain't no dollar sign Guaranteed I can blow your mind, hey!   Tell me I'm too crazy You can't tame me, can't tame me Tell me I have changed But I'm the same me, old same me Inside Hey! Mwah!   If you don't like the way I talk, then why am I on your mind? If you don't like the way I rock, then finish your glass of wine We fight and we argue, you'll still love me blind If we don't fuck this whole thing up Guaranteed, I can blow your mind Mwah!   And tonight I'm alive, ain't no dollar sign Guaranteed, I can blow your mind, mwah And tonight I'm alive, ain't no dollar sign Guaranteed, I can blow your mind, mwah",13,9,1,7,13,16,28,6,3,20,0.9986
7,7,/songs/4031374,Dua Lipa,Butter kisses,https://genius.com/Dua-lipa-butter-kisses-lyrics,http://api.genius.com/songs/4031374,None,2018-10-20,"Chorus 1: Cigarettes on cigarettes,Cigarettes on cigarettes,Cigarettes on cigarettes,Cigarettes on cigarettes  Cigarettes on cigarettes, my mama think I stank I got burn holes in my hoodies, all my homies think it's dank I miss my cocoa butter kisses I miss my cocoa butter kisses  Verse 1: Okie dokie, alkie, keep it lowkey like Thor lil bro Or he’ll go blow the loudy, saudy of sour saudi Wiley up off peyote, wilding like that coyote If I sip any Henny, my belly just might be outie Pull up inside a huggy, Starsky & Hutch a dougie I just opened up the pack in an hour I'll ash my luck She just yelling “Fuck me” Two weeks she'll be yelling fuck me Tonight she just yelling fuck me Used to like orange cassette tapes with Timmy, Tommy, and Chuckie And Chuck E. Cheese’s pizzas, Jesus pieces, sing Jesus love me Put Visine inside my eyes so my grandma would fucking hug me Oh generation above me yeaahhh I know you still remember me  Chorus 1: Cigarettes on cigarettes, Cigarettes on cigarettes, Cigarettes on cigarettes, Cigarettes on cigarettes Cigarettes on cigarettes  Verse 2: I will smoke a little something but I don't inhale Everywhere that I go, everywhere they be asking how's it going Say the going's well, go figure, Victor's light skinned Jesus got me feeling like Colin Powell, all praise to the god God knows he's a pro, he's pro like COINTEL Check, check mate, check me take me to the bedroom Like she know me well, i mean normally You see Norman Jean wouldn't kick it with Farmer Phil But these kids these days, they get so high Burn trees, smoke chlorophyll, ‘till they can’t feel shit Got me feeling like Lauryn Hill, miseducated, my dick delegated Rap Bill Bellamy, they said I shoulda never made it Probably been dead or in jail Deadbeat dad, enough of that jazz Asshole, absinthe up in that glass Are we there yet? Ice cubes in a bong Rip, brain dead, take a tug and then pass.... then pass  Bridge: I think we all addicted, I think we all addicted Yeah, I think we all addicted I think we all addicted, I think we all addicted  Chorus 3: Cigarettes on cigarettes, Cigarettes on cigarettes, Cigarettes on cigarettes, Cigarettes on cigarettes Cigarettes on cigarettes, my momma think I stank I got burn holes in my hoodies, all my homies think it’s dank I miss my cocoa butter kisses I miss my cocoa butter kisses Cigarettes on cigarettes, my mama think I stank I got burn holes in my hoodies, all my homies think it's dank Cocoa butter kisses I miss my cocoa butter kisses yeaaahhh...",6,13,9,6,17,40,23,4,10,11,0.9692
8,8,/songs/4031396,Dua Lipa,Butter kisses (cover),https://genius.com/Dua-lipa-butter-kisses-cover-lyrics,http://api.genius.com/songs/4031396,None,2018-10-20,"Chorus 1: Cigarettes on cigarettes,Cigarettes on cigarettes,Cigarettes on cigarettes,Cigarettes on cigarettes  Cigarettes on cigarettes, my mama think I stank I got burn holes in my hoodies, all my homies think it's dank I miss my cocoa butter kisses I miss my cocoa butter kisses  Verse 1: Okie dokie, alkie, keep it lowkey like Thor lil bro Or he’ll go blow the loudy, saudy of sour saudi Wiley up off peyote, wilding like that coyote If I sip any Henny, my belly just might be outie Pull up inside a huggy, Starsky & Hutch a dougie I just opened up the pack in an hour I'll ash my luck She just yelling “Fuck me” Two weeks she'll be yelling fuck me Tonight she just yelling fuck me Used to like orange cassette tapes with Timmy, Tommy, and Chuckie And Chuck E. Cheese’s pizzas, Jesus pieces, sing Jesus love me Put Visine inside my eyes so my grandma would fucking hug me Oh generation above me yeaahhh I know you still remember me  Chorus 1: Cigarettes on cigarettes, Cigarettes on cigarettes, Cigarettes on cigarettes, Cigarettes on cigarettes Cigarettes on cigarettes  Verse 2: I will smoke a little something but I don't inhale Everywhere that I go, everywhere they be asking how's it going Say the going's well, go figure, Victor's light skinned Jesus got me feeling like Colin Powell, all praise to the god God knows he's a pro, he's pro like COINTEL Check, check mate, check me take me to the bedroom Like she know me well, i mean normally You see Norman Jean wouldn't kick it with Farmer Phil But these kids these days, they get so high Burn trees, smoke chlorophyll, ‘till they can’t feel shit Got me feeling like Lauryn Hill, miseducated, my dick delegated Rap Bill Bellamy, they said I shoulda never made it Probably been dead or in jail Deadbeat dad, enough of that jazz Asshole, absinthe up in that glass Are we there yet? Ice cubes in a bong Rip, brain dead, take a tug and then pass.... then pass  Bridge: I think we all addicted, I think we all addicted Yeah, I think we all addicted I think we all addicted, I think we all addicted  Chorus 3: Cigarettes on cigarettes, Cigarettes on cigarettes, Cigarettes on cigarettes, Cigarettes on cigarettes Cigarettes on cigarettes, my momma think I stank I got burn holes in my hoodies, all my homies think it’s dank I miss my cocoa butter kisses I miss my cocoa butter kisses Cigarettes on cigarettes, my mama think I stank I got burn holes in my hoodies, all my homies think it's dank Cocoa butter kisses I miss my cocoa butter kisses yeaaahhh...",6,13,9,6,17,40,23,4,10,11,0.9692
9,9,/songs/4124750,Dua Lipa,Chasing The Dragon,https://genius.com/Dua-lipa-chasing-the-dragon-lyrics,http://api.genius.com/songs/4124750,Unreleased,2018-09-21," Met a boy and he told me That life gon' burn you out You can go all four corners of the globe Still, won’t know what you’re about You got your issues, your tissues You cry every night I’m melodramatic I guess he was right Livin' out of that suitcase   He said ""girl better get on your way Keep chasing the dragon""   I guess he’s probably right Keep chasing the dragon That’s just how I’ll live my life ’Cause you know that, ooh Nothing bout me’s typical I said ""ooh"" You know I’ll be chasing the dragon Eh-eh-eh-eh-endlessly   Another thing that he told me ""It’s gonna be a long, long daylight"" He’s the one I feel bad for Don’t have a passion like mine I’ll keep my issues, my tissues Keep runnin' the lights I may be impulsive but I do all right Livin' out of my suitcase   He said ""girl better get on your way Keep chasing the dragon""   I guess he’s probably right Keep chasing the dragon That’s just how I’ll live my life ’Cause you know that, ooh Nothing bout me’s typical I said ""ooh"" You know I’ll be chasing the dragon Eh-eh-eh-eh-endlessly   No matter what he said to me I’m gonna be running free, ooh I just wanna fly, you see Ain’t nothing stopping me Ooh   Keep chasing the dragon Eh-eh-eh-eh-endlessly Keep chasing the dragon Eh-eh-eh-eh-endlessly ’Cause you know that Nothing bout me’s typical I said ""ooh"" You know I’ll be chasing the dragon Eh-eh-eh-eh-endlessly Keep chasing the dragon Eh-eh-eh-eh-endlessly",4,3,2,11,1,6,2,2,3,2,0.8279
10,10,/songs/3092980,Dua Lipa,Cruel,https://genius.com/Dua-lipa-cruel-lyrics,http://api.genius.com/songs/3092980,None,2016-09-29," Cab radio screaming Noise and tears Death on the TV And then there's you Messed up, it's crazy I can't concentrate I just see your outline... Mhmm   Back where we left off Watch you take your dress off I've been by myself remembering you Your body hurts me Loopin' 'round like CCTV In all this bitterness, you stay so sweet   Such a cruel world Savin' all my love for you, girl Uh, it's such a cruel world Maybe I found somethin' good, girl Uh-uh-uh-uh   Some prick at the party All scripts and boasts A dead eyed actress girl And then there's you Venus in Converse You put a spell on me And you're lockin' up the bathroom door for us   Back where we left off Watch you take your dress off I've been by myself remembering you Your body hurts me Loopin' 'round like CCTV In all this bitterness, you stay so sweet   Such a cruel world Savin' all my love for you, girl Uh, it's such a cruel world Maybe I found somethin' good, girl   It's such a cruel world Hey, hey, hey It's such a cruel world Hey, hey, hey   Sunrise in Hollywood We ain't slept for days Perfect disaster Me and you Oh-oh-oh-oh-oh   It's such a cruel world Savin' all my love for you, girl Uh, it's such a cruel world Maybe I found somethin' good, girl It's such a cruel world Savin' all my love for you, girl It's such a cruel world Maybe I found somethin' good, girl Uh-uh-uh-uh   Sunrise in Hollywood We ain't slept for days",19,10,16,19,15,21,19,17,9,11,-0.9842
11,11,/songs/2874911,Dua Lipa,Dreams,https://genius.com/Dua-lipa-dreams-lyrics,http://api.genius.com/songs/2874911,Dua Lipa (Deluxe),2017-06-02," Last night, my fantasies become oh-so-true You said you wanted me as much as I want you If I said it hadn't crossed my mind Then, oh baby, I'd be lying It just got complicated, I don't know what to do   Can I get it like that, that, that? Let me know 'Cause I really like that, that, that, when you go And I know it's not real, but the way that I feel I just need to know Can I get it like that, that, that? Let me know 'Cause I really like that, that, that, when you go And I know it's not real, but the way that I feel I just need to know, know, know, know   In my dreams You say you want me, my body In my dreams You say you need me, believe me In my dreams You say you love me, say you'll never leave my dreams In my dreams   You love me like yeah You love me right, oh yeah You love me like yeah You love me right, oh yeah You love me like yeah You love me right, oh yeah You love me like, you love me right In my dreams   Inside I'm screaming loud, I'm calling out your name It's time you started listening, don't think you can hear me 'Cause if you really wanna go right 'round Time is tickin', we gotta leave now Time is tickin', we gotta leave town tonight Hey   Can I get it like that, that, that? Let me know 'Cause I really like that, that, that, when you go And I know it's not real, but the way that I feel I just need to know, know, know, know   In my dreams You say you want me, my body In my dreams You say you need me, believe me In my dreams You say you love me, say you'll never leave my dreams In my dreams   You love me like yeah You love me right, oh yeah You love me like yeah You love me right, oh yeah You love me like yeah You love me right, oh yeah You love me like, you love me right In my dreams   In my dreams, dreams, dreams, yeah In my dreams, dreams, dreams, yeah In my dreams, oh   In my dreams You say you want me, my body In my dreams You say you need me, believe me In my dreams You say you love me, say you'll never leave my dreams In my dreams   You love me like yeah You love me right, oh yeah You love me like yeah You love me right, oh yeah You love me like yeah You love me right, oh yeah You love me like, you love me right In my dreams   Yeah In my dreams Yeah In my dreams",2,3,2,1,29,8,34,5,5,6,0.9999
12,12,/songs/2841974,Dua Lipa,For Julian,https://genius.com/Dua-lipa-for-julian-lyrics,http://api.genius.com/songs/2841974,The Only - EP,2016-08-20," What would you do? What would you do if I handed you a drug that'd teach you something new? What would you feel? What would you feel if I took over the fake and made them all real? What would you say? What would you say if I told you it's actually gon' be a good day?   Maybe all things happen for a reason You just need to get over this dry season But the only drug you need is believing Maybe God does answer all your prayers Maybe need to let go of the fear Of being let down from the people you keep near Maybe it's because you're running low on gear Maybe God does answer all your prayers   What do you need? What do you need to show you there's better things to life than good weed? What do you hear? What do you hear? What do you hear when I tell you I'm always near? I made it pretty clear What do you see? What do you see when you find out the best things in life are all free? You got a friend in me   Maybe all things happen for a reason You just need to get over this dry season But the only drug you need is believing Maybe God does answer all your prayers Maybe need to let go of the fear Of being let down from the people you keep near Maybe it's because you're running low on gear Maybe God does answer all your prayers   And I'm still here And I'm holding hard onto your hand But it still feels Like you're never gonna understand One can drown alone, but we can swim together   Maybe all things happen for a reason You just need to get over this dry season But the only drug you need is believing Maybe God does answer all your prayers And let go of the fear Of being let down from the people you keep near Is it because you're running low on gear? Maybe God does answer all your prayers",3,13,0,11,12,5,22,1,3,16,0.9782
13,13,/songs/2948895,Dua Lipa,Garden,https://genius.com/Dua-lipa-garden-lyrics,http://api.genius.com/songs/2948895,Dua Lipa (Deluxe),2017-06-02," Remember when we swam in the ocean? Now we know what's deep inside Remember when we ran in the open? Now we know what's in the wild Used to think that this love was Heaven sent How did we get lost? Can't get back again Tell me, is there light on the outside?   So are we leaving this Garden of Eden? Are we leaving this Garden of Eden?   Used to walk around your apartment Nothing but a smile on me But tonight I'm so self conscious Isn't it so clear to see? Nothing's ever perfect in Paradise Don't know what it's worth 'til you pay the price When you bite your tongue does it draw blood?   So are we leaving this Garden of Eden? Are we leaving this Garden of Eden? Now I know what I know But it’s hard to find the meaning Where do we go? 'Cause we don't believe in this Garden of Eden (Eden, Eden, Eden) This Garden of Eden? (Eden, Eden, Eden)   I have cried for you, and I'll ride for you I would die for you, but would you do that for me? Tell the truth, what you wanna do Is it me and you? Are you with me, honey? I have cried for you, and I'll ride for you I would die for you, but would you do that for me? Tell the truth, what you wanna do Is it me and you? Are you with me?   So are we leaving this Garden of Eden? Are we leaving this Garden of Eden? Now I know what I know But it's hard to find the meaning Where do we go? 'Cause we don't believe in this Garden of Eden (Eden, Eden, Eden) This garden of Eden (Eden, Eden, Eden)   Remember when we swam in the ocean? Now we know what's deep inside Remember when we ran in the open?   So are we leaving? (Are we leaving this Garden of Eden?) Are we leaving? (Are we leaving this Garden of Eden?) Now I know what I know But it's hard to find the meaning Where do we go? 'Cause we don't believe in this Garden of Eden (Eden, Eden, Eden) This garden of Eden (Eden, Eden, Eden)",0,2,0,2,18,5,26,3,2,9,0.6751
14,14,/songs/2461298,Dua Lipa,Genesis,https://genius.com/Dua-lipa-genesis-lyrics,http://api.genius.com/songs/2461298,Dua Lipa (Deluxe),2017-06-02," In the beginning, God created Heaven and Earth For what it's worth, I think that He might've created you first Just my opinion Your body is the one paradise that I wanna fly to Every day and every night   I've been sick and tired of running Chasing all of the flashing lights These late nights don't mean nothing So I just wanna apologize I'm sorry, so sorry I'm sorry, yeah   I need your love And I'm dying for the rush 'Cause my heart ain't got enough I need your touch This is getting serious Tell me that it's not the end of us How can we go back to the beginning? How can we go back to the beginning? Without you, I've got no air to breathe in How can we go back to the beginning?   Don't matter what's written We can start all over again, all over again Oh, how can I get you all over my skin? My deep intuition tells me that I'm doing you wrong If I don't come home Just say you forgive me and don't let me go   I've been sick and tired of running Chasing all of the flashing lights These late nights don't mean nothing So I just wanna apologize I'm sorry, so sorry I'm sorry, yeah   I need your love And I'm dying for the rush 'Cause my heart ain't got enough I need your touch This is getting serious Tell me that it's not the end of us How can we go back to the beginning? How can we go back to the beginning? Without you, I've got no air to breathe in How can we go back to the beginning?   You know I'll roar like a lion for you You know I'll keep trying 'Til the sun starts rising   I need your love And I'm dying for the rush 'Cause my heart ain't got enough I need your touch This is getting serious Tell me that it's not the end of us How can we go back to the beginning? How can we go back to the beginning? Without you, I've got no air to breathe in How can we go back to the beginning?",3,5,5,5,6,10,17,9,1,10,0.9262
15,15,/songs/2469625,Dua Lipa,Good Times (Jamie xx Rework),https://genius.com/Dua-lipa-good-times-jamie-xx-rework-lyrics,http://api.genius.com/songs/2469625,None,2015-07-23," All we need is a little bit of honey, huh Oh, yes, we do I know there's gonna be...   Work every day 'til me meet ends I will turn it up on weekends Make a toast, be a real friend Tell me what you're drinking, cuh   I know there's gonna be good times (good times) There's gonna be good times (good times) There's gonna be good times, oh   Good times, there gon' be some good times 'Member used to pull up, and let 'em fight? That's that hood time 'Member used to hold on your hand when nobody would time? Yeah, I know that bitch trippin', she ain't got that much time I don't waste time, I don't waste time I don't have patience, baby She tryna copy my shit, but she be missin' the hits Wanna go fast? Wanna race me? We gon' ball, Walter Payton We gon' fly through the stations Come here bae, you're a blessin' And from you, I learn my lesson Pop quiz, it's a pop quiz All my money comin' clean, you can't pop this But she can't get it locked up like locksmith Watch her come to my lights, like a reindeer Me and papi on the same pills My diamonds, never stand still Where you goin'? Why you ain't here? You sold your soul for the mass appeal   I know there's gonna be good times (good times) There's gonna be good times (good times) There's gonna be good times (good times) There's gonna be good I know there's gonna be good times (good times) There's gonna be good times (good times) There's gonna be good times, oh   We be ridin' like a mothafuckin' stroller I'll survive in a mothafuckin' gutter That's my mothafuckin' woadie, like the Noila And I'm colored red like Coke-Cola I'ma have a very good time I swear to God, I can't never sideline shorty She, she said she likes all of my man's rhymes Where is my phone? That money be callin' I want you to pass it to Thugger Thugger Even in the summertime, me and shawty hustle I swear to God, I'ma tip you, got to struggle Baby girl, sit it down, you not known like an usher I told lil' baby, ""I don't bite but my teeth do."" I wanna control you like voodoo I'm steady screaming free, Unfunk and DuLu Every time I have a good time you do too   I know there's gonna be good times (good times) There's gonna be good times (good times) There's gonna be good times (good times) There's gonna be good I know there's gonna be good times (good times) There's gonna be good times (good times) There's gonna be good times, oh   Real bad, baby I can't afford the fancy, fancy places, oh But long as you have faith in me We'll have ourselves",10,82,8,9,48,19,65,3,39,53,0.9986
16,16,/songs/2844094,Dua Lipa,Here,https://genius.com/Dua-lipa-here-lyrics,http://api.genius.com/songs/2844094,None,2015-06-17," I'm sorry if I seem uninterested Or I'm not listenin', or I'm indifferent Truly I ain't got no business here But since my friends are here, I just came to kick it But really I would rather be at home all by myself Not in this room with people who don't even care about my well-being I don't dance, don't ask I don't need a boyfriend So you can go back Please enjoy your party, I'll be here Somewhere in the corner under clouds of marijuana With this boy who's hollering I can hardly hear Over this music I don't listen to, and I don't wanna get with you So tell my friends that I'll be over here   Oh-oh-oh here, oh-oh-oh here Oh, I ask myself, what am I doin' here? Oh-oh-oh here, oh-oh-oh here And I can't wait 'til we can break up outta here   Excuse me if I seem a little unimpressed with this An anti-social pessimist, but usually I don't mess with this And I know you mean only the best And your intentions aren't to bother me But honestly I'd rather be somewhere with my people We can kick it and just listen to some music with a message, like we usually do And we'll discuss our big dreams How we plan to take over the planet So pardon my manners I hope you'll understand that I'll be her Not there in the kitchen with the girl who's always gossiping about her friends So tell them I'll be here Right next to the boy who's throwin' up 'cause he can't take what's in his cup no more Oh, God, why am I here?   Oh-oh-oh here, oh-oh-oh here Oh, I ask myself, what am I doin' here? Oh-oh-oh here, oh-oh-oh here And I can't wait 'til we can break up outta here   Hours later, congregatin' next to the refrigerator Some girl talkin' 'bout her haters, she ain't got none How did it ever come to this? I shoulda never come to this So holla at me, I'll be in the car when you're done I'm stand-offish Don't want what you're offerin' And I'm done talkin' Awfully sad it had to be that way So tell my people when they're ready that I'm ready And I'm standin' at the TV with my beanie low Yo, I'll be over here   Oh-oh-oh here, oh-oh-oh here Ask myself, what am I doin' here? Oh-oh-oh here, oh-oh-oh here   Hmm Oh-oh-oh here, here Hmm Here, here Are we over here?",3,8,3,2,9,13,18,4,3,15,0.9925
17,17,/songs/3802369,Dua Lipa,"High, Wild, and Free",https://genius.com/Dua-lipa-high-wild-and-free-lyrics,http://api.genius.com/songs/3802369,Unreleased,2018-07-03," Hey! Mmh, yeah Ooh-ooh, yeah   Why should I go and settle for glitter When I could shine like gold? Why should I wait around and just sit here When I could save my soul?   So tonight I'mma breathe you in 'til I'm high I'mma lose myself to the light 'Til I'm seeing stars in my eyes I, I   I do, I do what I like Let's go have some fun tonight I'm trying with different lights But you can bet I'll try it twice Hold my hand, it's alright We'll be good for tonight 'Cause we're high and we're wild and we're free Hold my hand, it's alright We'll be good for tonight 'Cause we're high and we're wild and we're free Hey!   I know it all could be gone in a minute I wanna live out loud, no, no, no I gotta get what I want when I want it And you can't hold me down   So tonight I'mma breathe you in 'til I'm high I'mma lose myself to the light 'Til I'm seeing stars in my eyes So what we say, hey   I do, I do what I like Let's go have some fun tonight I'm trying with different lights That you can bet I'll try it twice Hold my hand, it's alright We'll be good for tonight 'Cause we're high and we're wild and we're free (I do, do, do) Hold my hand, it's alright We'll be good for tonight 'Cause we're high and we're wild and we're free   I just wanna have fun When it comes to my vices I'll try anything once Maybe twice if I like it (just, just, just wanna have fun) 'Cause I wanna have fun Yeah, whatever the price is (just, just, just wanna have fun) I'll try anything once Maybe twice if I like it (hey) Just wanna have fun (do what I want, when I want, when I want it) When it comes to my vices I'll try anything once (do what I want, when I want, when I want it) Maybe twice if I like it 'Cause I wanna have fun (do what I want, when I want, when I want it) Yeah, whatever the price is I'll try anything once (Oh, oh, oh, yeah, hey)   Hold my hand, it's alright We'll be good for tonight 'Cause we're high and we're wild and we're free (hey) Hold my hand, it's alright We'll be good for tonight 'Cause we're high and we're wild and we're free Lemme hear you say it Do what I want, when I want, when I want it (Hey, hey, hey-hey) Do what I want, when I want, when I want it (Do what I want, when I want, what, when I want it) Do what I want, when I want, when I want it (Do what I want, when I want, what, when I want it) Do what I want, when I want, when I want it High, wild, free   Yeah, yeah, yeah-yeah Hey! Uh-uh-hey And you can bet I'll try it twice",2,17,3,2,18,12,19,2,15,9,0.9994
18,18,/songs/3051939,Dua Lipa,Homesick,https://genius.com/Dua-lipa-homesick-lyrics,http://api.genius.com/songs/3051939,Dua Lipa (Deluxe),2017-06-02,"Here, where the sky's falling I'm covered in blue I'm running and I'm crawling Fighting for you When the rain stops, then, darling, what will I do? And I know I go all in, but why do I?   You give me a reason, something to believe in I know, I know, I know You give me a meaning, something I can breathe in I know, I know, I know It's a bittersweet feeling Longing, and I'm leaving I go, I go, I go But I wish I was there with you Oh, I wish I was there with you  [Verse 2: Dua Lipa & Chris Martin] There's a crack in my window A bird in my room Angels all over that watch over you When I'm walking on water All my dreams have come true Still, nothing means nothing Without you, you   You give me a reason, something to believe in I know, I know, I know You give me a meaning, something I can breathe in I know, I know, I know It's a bittersweet feeling Longing, and I'm leaving I go, I go, I go Tell my heart to lie, but I know deep inside it's true That I wish I was there with you That I wish I was there with you Oh, I wish I was there with you     You give me a reason, something to believe in I know, I know, I know You give me a meaning, something I can breathe in I know, I know, I know It's a bittersweet feeling Longing, and I'm leaving I go, I go, I go Tell my heart to lie, but I know deep inside it's true That I wish I was there with you That I wish I was there with you Oh, I wish I was there with you",6,8,5,4,8,8,12,10,4,8,0.993
19,19,/songs/3051942,Dua Lipa,IDGAF,https://genius.com/Dua-lipa-idgaf-lyrics,http://api.genius.com/songs/3051942,Dua Lipa (Deluxe),2017-06-02," You call me all friendly Tellin' me how much you miss me That's funny, I guess you've heard my songs Well, I'm too busy for your business Go find a girl who wants to listen 'Cause if you think I was born yesterday, you have got me wrong   So I cut you off I don't need your love 'Cause I already cried enough I've been done I've been movin' on since we said goodbye I cut you off I don't need your love So you can try all you want Your time is up, I'll tell you why   You say you're sorry, but it's too late now So save it, get gone, shut up 'Cause if you think I care about you now Well, boy, I don't give a fuck   I remember that weekend When my best friend caught you creepin' You blamed it all on the alcohol So, I made my decision 'Cause you made your bed, sleep in it Play the victim and switch your position I'm through, I'm done   So I cut you off I don't need your love 'Cause I already cried enough I've been done I've been movin' on since we said goodbye I cut you off I don't need your love So you can try all you want Your time is up, I'll tell you why   You say you're sorry, but it's too late now So save it, get gone, shut up 'Cause if you think I care about you now Well, boy, I don't give a fuck   I see you tryna get to me I see you beggin' on your knees Boy, I don't give a fuck So stop tryna get to me Tch, get up off your knees 'Cause, boy, I don't give a fuck   About you No, I don't give a damn You keep reminiscin' on when you were my man But I'm over you Now you're all in the past You talk all that sweet talk, but I ain't comin' back   Cut you off I don't need your love So you can try all you want Your time is up, I'll tell you why I'll tell you why   You say you're sorry, but it's too late now So save it, get gone, shut up (Too late now) 'Cause if you think I care about you now Well, boy, I don't give a fuck (Boy, I don't give a)   I see you tryna get to me I see you beggin' on your knees Boy, I don't give a fuck So stop tryna get to me (get to me) Tch, get up off your knees 'Cause, boy, I don't give a fuck",2,5,9,1,11,15,27,5,2,20,0.9916
20,20,/songs/3096420,Dua Lipa,I'm Not the Only One,https://genius.com/Dua-lipa-im-not-the-only-one-lyrics,http://api.genius.com/songs/3096420,None,2017-04-26," You and me, we made a vow For better or for worse I can't believe you let me down But the truth's in the way it hurts For months on end I've had my doubts Denying every tear I wish this would be over now But I know that I still need you here   You say I'm crazy 'Cause you don't think I know what you've done But when you call me baby I know I'm not the only one   You've been so unavailable And sadly, I know why Your heart is unattainable Even though Lord knows you kept mine   You say I'm crazy 'Cause you don't think I know what you've done But when you call me baby I know I'm not the only one   I have loved you for many years Maybe I am just not enough You've made me realise my deepest fear By lying and tearing us up   You say I'm crazy 'Cause you don't think I know what you've done But when you call me baby I know I'm not the only one   And I know, and I know, and I know, and I know, and I know I know I'm not the only one I know I'm not the only one I know I'm not the only one",7,2,2,7,4,12,9,8,0,7,-0.9737
21,21,/songs/3996039,Dua Lipa,Kinda Like That,https://genius.com/Dua-lipa-kinda-like-that-lyrics,http://api.genius.com/songs/3996039,Unreleased,2018-09-04," I’m way too damaged to go home I keep dancing here with my eyes closed Like nothing matters anymore   And I like that, kinda like that And I like that, kinda like that And I like that, kinda like that   Make my heart run back and forth You’re everything I want and more I think you’re down but I’m not sure   And I like that, kinda like that And I like that, kinda like that And I like that, kinda like that   Make it hard to talk and see I'm just where I wanna be Holding you too close to me You never leave my glass empty Ooooh, we got nothing Ooooh, and that's all we wanted Broken people in the streets Yet they’re beautiful to see Everything is incomplete Yeah, it feels a lot like me Ooooh, we got nothing Ooooh, and that's all we wanted   And I like that, kinda like that And I like that, kinda like that   I’m way too damaged to go home I keep dancing here with my eyes closed Like nothing had to zen me more And I like that, kinda like that Make my heart run back and forth You’re everything I want and more I think you’re down but I’m not sure   And I like that, kinda like that And I like that, kinda like that And I like that, kinda like that",1,0,0,1,1,2,2,2,1,0,0.9964
22,22,/songs/2419848,Dua Lipa,Last Dance,https://genius.com/Dua-lipa-last-dance-lyrics,http://api.genius.com/songs/2419848,Dua Lipa (Deluxe),2016-02-09," Fatal, this attraction Yeah, we might just end up crashin' But I'm ready if it happens with you Meet me out in Cali when I'm far away from family And I need someone to hold onto   You're the only thing I know And I don't wanna let this go Close to you I feel, feel like I'm at home Can't wait 'til we're alone   We were built to last We were built like that Baby, take my hand Dive in this romance We could burn and crash We could take a chance Holdin' nothin' back Like it's our last dance Like it's our last dance Like it's our last dance   My heart wide open Fallin' in and out of focus Pressure flowin' like a river in my head Crying you ain't with me and it's floodin' the whole city While my soul's burnin' like a cigarette   You're the only thing I know And I don't wanna let this go Close to you I feel, feel like I'm at home Can't wait 'til we're alone   We were built to last We were built like that Baby, take my hand Dive in this romance We could burn and crash We could take a chance Holdin' nothin' back Like it's our last dance Like it's our last dance Like it's our last dance Like it's our last dance Like it's our last dance   Way too soon to feel so strong Way too young to hurt so long I'm hurtin' Was it worth it? Way too soon to feel so strong Way too young to hurt so long I'm hurtin' Was it worth it?   Like it's our last dance Like it's our last dance Like it's our last dance",3,9,0,7,17,10,23,8,8,15,0.9972
23,23,/songs/2470573,Dua Lipa,Lions & Tigers & Bears,https://genius.com/Dua-lipa-lions-and-tigers-and-bears-lyrics,http://api.genius.com/songs/2470573,Unreleased,2012-02-20," I look in the mirror All I see is nothing I look out the window for some peace But all I find is nothing   Then you take my hand, and suddenly I feel something Side by side, lying next to you I feel something   All I need is you to protect me 'til tomorrow All I need is some comfort from my sorrow All I need is you to hold me through my nightmares I need you to keep me safe from lions and tigers and bears All I need is you to protect me 'til tomorrow All I need is some comfort from my sorrow All I need is you to hold me through my nightmares I need you to keep me safe from lions and tigers and bears   Then you take my hand and suddenly, I feel something Side by side, lying next to you I feel something   All I need is you to protect me 'til tomorrow All I need is some comfort from my sorrow All I need is you to hold me through my nightmares I need you to keep me safe from lions and tigers and bears All I need is you to protect me 'til tomorrow All I need is some comfort from my sorrow All I need is you to hold me through my nightmares I need you to keep me safe from lions and tigers and bears",6,9,2,16,9,10,17,4,2,9,0.9728
24,24,/songs/3326580,Dua Lipa,Lose Myself,https://genius.com/Dua-lipa-lose-myself-lyrics,http://api.genius.com/songs/3326580,Unreleased,2018-09-21," Gotta get something off of my chest, can I get a witness? Yeah, I got tattoos all on my skin, but scared of commitment And I keep saying that I love you, I wish you would listen I wish you would listen But there's something missin', mh   You want it all, all my love I give you some, it's not enough Am I being selfish? Baby, I feel helpless No, I ain't into breakin' hearts But I'm scared of tomorrow Can I just be selfish? Can I just be selfish?   If I give a little more of me, would I lose myself completely? Lose myself completely (if I lose myself) If I give a little more of me, would I lose myself completely? Lose myself completely (if I lose myself)   I don't wanna have to choose between you or having my freedom Baby, I don't wanna let go of us or what I believe in I don't wanna feel like I need to leave, don't give me a reason Don't give me a reason You know that I mean it, mh   You want it all, all my love I give you some, it's not enough Am I being selfish? Baby, I feel helpless (Oh, yeah, yeah, yeah) No, I ain't into breakin' hearts But I'm scared of tomorrow Can I just be selfish? Can I just be selfish?   If I give a little more of me, would I lose myself completely? Lose myself completely, oh oh yeah (if I lose myself) If I give a little more of me, would I lose myself completely? Lose myself completely (if I lose myself)   Now there's just one thing hangin' on my mind (Just one thing that's on my mind) Can I live my life if I give you mine? (Yeah, if I lose myself) Yeah, I need your love, but I need some time (Ooh-ooh-ooh) Can I live my life if I give you mine? (If I lose myself)   Ahh, if I lose myself Ahh, yeah If I give a little more of me Would I lose myself completely? Oh-oh-oh-oh, yeah   If I give a little more of me, would I lose myself completely? Lose myself completely (if I lose myself) If I give a little more of me, would I lose myself completely? Lose myself completely (if I lose myself)   Now there's just one thing hangin' on my mind (Oh, ooh-ooh) Can I live my life if I give you mine? (If I give you, if I give you, if I lose myself) Yeah, I need your love, but I need some time (Ooh-ooh-ooh) Can I live my life if I give you mine? (If I lose myself) If I give a little more of me",30,4,30,26,9,33,29,27,25,7,-0.9974
25,25,/songs/3050818,Dua Lipa,Lost In Your Light,https://genius.com/Dua-lipa-lost-in-your-light-lyrics,http://api.genius.com/songs/3050818,Dua Lipa (Deluxe),2017-04-21," Over and over Waves of frightening feelings Floating, weightless, I'm willing My will keeps bending and breaking, honey   Hold me, trust me Let me ride in your love all night, babe Hold me, touch me I wanna die in your love all night, babe   Lost in your light, baby I wanna stay right here all night, baby Let's get lost in the light, baby I wanna stay right here all night, baby   Oh, now everything's vivid, vivid Torture tempted with pleasure I'm reckless, tangled, suspended You want it all, nothing's wasted, woman  [Pre-Chorus: Both & Miguel] Hold me, trust me You know you can hide in my arms all night now Hold me, trust me I'm gonna ride in your love all night I'm   Lost in your light, baby (Alright) I wanna stay right here all night, baby (Alright) Let's get lost in the light, baby (Alright) I wanna stay right here all night, baby (All night, alright)   Midnight, your eyes Bitter wine, conversations You and me, some money, babe I don't need a paycheck (Don't need a paycheck) One taste and I'm hooked on it Don't lie, I know you want it I'm addicted to your light  [Chorus: Dua Lipa & Miguel & Both] Lost in your light, baby I wanna stay right here all night, baby (All night, darling) Let's get lost in the light, baby (All night) I wanna stay right here all night, baby (All night, all night) Let's get lost in the light, baby",6,3,4,5,21,15,27,11,2,9,-0.8316
26,26,/songs/2289661,Dua Lipa,New Love,https://genius.com/Dua-lipa-new-love-lyrics,http://api.genius.com/songs/2289661,Dua Lipa (Deluxe),2015-08-21," Now it's getting quiet here, now it's getting blue And this, baby, ain't no fair, taking up my youth You've been telling me some lies, I be thinking it's the truth But I see it in your eyes, the things that you do   I don't wanna waste no time all alone Want somewhere to go, something to call my own And I ain't satisfied, where to go? Lost out on the road, washed up on the shore   And I've been through mountains and seas Tryna get you to come back to me And I've been far, and I've been so deep Now I find it harder and harder to breathe   And I need some new love New love, new love   Even though I've run away, I still come back No, there's nothing more to say, it's all been said I've been trying to explain the things we had To all of my friends who say that I've gone mad   I don't wanna waste no time all alone Want somewhere to go, something to call my own And I ain't satisfied, where to go? Lost out on the road, washed up on the shore   And I've been through mountains and seas Tryna get you to come back to me And I've been far, and I've been so deep Now I find it harder and harder to breathe   And I need some new love New love, new love And I need some new love New love, new love   Easy come, easy go Why are we living on, living on? If we're not getting on, getting on? Can we just let it go? Cause we're waiting for a miracle Why wait for a miracle? Yeah   And I've been through mountains and seas Tryna get you to come back to me And I've been far, and I've been so deep Now I find it harder and harder to breathe   And I need some new love New love, new love And I need some new love New love, new love",3,9,4,2,22,7,31,6,3,7,0.9989
27,27,/songs/2909429,Dua Lipa,No Goodbyes,https://genius.com/Dua-lipa-no-goodbyes-lyrics,http://api.genius.com/songs/2909429,Dua Lipa (Deluxe),2017-06-02," Maybe one day, I can see you We can smile and wave, and it'll be okay Maybe one day, it'll be cool We could just be friends without the complications that it brings When we start saying things Yeah, I hurt you, and you hurt me Yeah, we did some things that we can never take back And we tried hard just to fix it But we broke it more And so, I guess some things are not meant to last Is it too much to ask?   For tonight Let's love like there's no goodbyes (No goodbyes) Just for tonight Pretend that it's all alright (All alright) Why don't we hold each other, use each other, whisper pretty lies? Just for tonight Let's love like there's no goodbyes (No goodbyes)   No goodbyes No goodbyes No goodbyes, eh   In a dark room We don't have to see the light of truth between me and you We can stay blind in the meantime Let our bodies say what we can never seem to communicate Even though it's too late   For tonight Let's love like there's no goodbyes (No goodbyes) Just for tonight Pretend that it's all alright (All alright) Why don't we hold each other, use each other, whisper pretty lies? Just for tonight Let's love like there's no goodbyes (No goodbyes)   No goodbyes No goodbyes No goodbyes, eh No goodbyes (no goodbyes) No goodbyes (no goodbyes) No goodbyes, eh   Maybe one day, I'll see you Just smile and wave and be okay   For tonight Let's love like there's no goodbyes For tonight Pretend that it's all alright (All alright) Why don't we hold each other, use each other, whisper pretty lies? Just for tonight Let's love like there's no goodbyes (No goodbyes)   No goodbyes No goodbyes No goodbyes, eh No goodbyes No goodbyes No goodbyes, eh",5,4,3,3,12,12,19,8,3,12,0.9646
28,28,/songs/3118892,Dua Lipa,Rollin/Did You See (Mashup),https://genius.com/Dua-lipa-rollin-did-you-see-mashup-lyrics,http://api.genius.com/songs/3118892,None,2017-06-02,"I've been rollin' on the freeway I've been riding 85 I've been thinking way too much And I'm way too gone to drive I've got anger in my chest I've got millions on my mind And you didn't fit the picture So I guess you weren't the vibe I've been rollin' on the freeway I've been riding 85 I've been thinking way too much And I'm way too gone to drive I've got anger in my chest I've got millions on my mind And you didn't fit the picture So I guess you weren't the vibe   Did you see what I done? Came in a black Benz, left in a white one I'm just a hoodlum, I came with my bonsam My gallies wanna try some Did you see what I done? Came in a black Benz, left in a white one I'm just a hoodlum, I came with my bonsam My gallies wanna try some   Came here just to sing for Clara Lookin' for the baddest diva Hol' up, let me analyse her, body lookin' like a hypnotiser Come let me try some, suttin' you can climb on Oh, you're a shy one, who you tryna hide from? Baby, jump in the black ride and put your friend in the white one I'm a Benzo addict, pulled up in traffic Me and my friends switched cars and it looked like magic They never seen such a skinny man in a big puffer jacket That's unfamiliar, I came lookin' like a bodybuilder Out here's windy, yana, you're the one that I'm into, yana Don't you wanna see the interior?   Did you see what I done? Came in a black Benz, left in a white one I'm just a hoodlum, I came with my bonsam My gallies wanna try some Did you see what I done? Came in a black Benz, left in a white one I'm just a hoodlum, I came with my bonsam My gallies wanna try some, oh hey   I've been rollin' on the freeway I've been riding 85 I've been thinking way too much And I'm way too gone to drive I've got anger in my chest I've got millions on my mind And you didn't fit the picture So I guess you weren't the vibe, hey   Did you see what I done? Came in a black Benz, left in a white one I'm just a hoodlum, I came with my bonsam My gallies wanna try some Did you see what I done? Came in a black Benz, left in a white one I'm just a hoodlum, I came with my bonsam My gallies wanna try some",3,8,1,1,12,10,14,8,3,12,-0.7711
29,29,/songs/2875767,Dua Lipa,Room For 2,https://genius.com/Dua-lipa-room-for-2-lyrics,http://api.genius.com/songs/2875767,Dua Lipa (Deluxe),2016-10-29," Up and down, it all comes back around Push and shove, do you feel better now? Knock, knock, knock, you'll come tumblin' down Karma's got a kiss for you   Why are you blamin' me for all your insecurities? I never did anything, but you closed the door Slammed shut on me Somethin' a little bit bitter that should've been sweet I won't compete You're like a king with a crown lookin' down Hopin' I won't eat   Up and down, it all comes back around Push and shove, do you feel better now? Knock, knock, knock, you'll come tumblin' down Karma's got a kiss for you Up and down, it all comes back around Push and shove, do you feel better now? Knock, knock, knock, you'll come tumblin' down Karma's got a kiss for you   Remember what it felt like to start the climb I'm just like you Maybe you'll better with time and we'll leave it behind There's room for two You should've never done somethin' like that to someone You can't undo Thought you were under the radar But under the chaos, I see through   Up and down, it all comes back around Push and shove, do you feel better now? Knock, knock, knock, you'll come tumblin' down Karma's got a kiss for you Up and down, it all comes back around Push and shove, do you feel better now? Knock, knock, knock, you'll come tumblin' down Karma's got a kiss for you   I'm hopin' one day you will change See, everyone ain't the same We're more than machines You saw a spark where there wasn't a flame And you barely remember my name Do you feel complete?   Up and down, it all comes back around Push and shove, do you feel better now? Knock, knock, knock, you'll come tumblin' down Karma's got a kiss for you Up and down, it all comes back around Push and shove, do you feel better now? Knock, knock, knock, you'll come tumblin' down Karma's got a kiss for you",8,11,0,3,8,11,10,2,9,3,0.9907
30,30,/songs/2460766,Dua Lipa,Running,https://genius.com/Dua-lipa-running-lyrics,http://api.genius.com/songs/2460766,Dua Lipa (Complete Edition),2018-10-19," You, you turn gold to dust now What was trust is lost now What is all this darkness you have inside? I just can't ignore it From my heart, what's pouring 'Cause this hurt I can no longer hide   Baby, it's the last time It's the last time I'm 'bout it, 'bout it Check it with a flashlight It's the last night you'll get up on it If you wanna save it, ooh Better shoot straight like a laser, ooh I ain't waiting for you, you   Now I'm running for my life Been too many miles Tryna find the road to you 'Cause you, you just wanna drive With no place in mind Where the hell we going to, oh? I'm running, running Got me running, running, ooh I'm running, running Got me running, running, ooh   Boom, barrel, love, a gun, pow I'll be on the run now Can't take no more bullets through my wounds I just can't ignore it From my heart, what's pouring 'Cause this hurt I can no longer hide   Baby, it's the last time It's the last time I'm 'bout it, 'bout it Check it with a flashlight It's the last night you'll get up on it If you wanna save it, ooh Better shoot straight like a laser, ooh I ain't waiting for you, you   Now I'm running for my life Been too many miles Tryna find the road to you 'Cause you, you just wanna drive With no place in mind Where the hell we going to, oh? I'm running, running Got me running, running, ooh I'm running, running Got me running, running, ooh I'm running, running Got me running, running, ooh I'm running, running Got me running, running, ooh   So watch it blow when I let it go When I cut this rope and run, run By the time you wake, it'll be too late Now the bullet's left the gun, yeah   Now I'm running for my life Been too many miles Tryna find the road to you 'Cause you, you just wanna drive With no place in mind Where the hell we going to, oh? I'm running, running Got me running, running, ooh I'm running, running Got me running, running, ooh I'm running, running Got me running, running, ooh I'm running, running Got me running, running, ooh",16,6,3,14,5,20,8,9,0,5,-0.9622
31,31,/songs/3857158,Dua Lipa,Runnin' Out,https://genius.com/Dua-lipa-runnin-out-lyrics,http://api.genius.com/songs/3857158,Unreleased,2018-09-21," Imma hate it when I'm picking up you I just don't wanna breathe the same air Choking on your smoke Smashing on your mirrors (?) so I see clearer Running out of ways to love you I'm running out of ways to care  Don't you wear your own mouth? Walking around and throwing shade Caught up in your mindgames But did I think you'd ever change?  I'm running out of ways to love you I'm running out of ways to care Imma hate it when I'm picking up you I just don't wanna breathe the same air I'm running out of ways to love you I'm running out of ways to care Imma hate it when I'm picking up you I just don't wanna breathe the same air Choking on your smoke Smashing on your mirrors (?) so I see clearer Running out of ways to love you I'm running out of ways to care  And I try, and I try, and I try But it just doesn't feel right Like a knight, like a knight, like a knight (?)  I'm running out of ways to love you I'm running out of ways to care Imma hate it when I'm picking up you I just don't wanna breathe the same air  You are looking two faced You need another pair of shades",4,0,4,5,5,5,13,4,1,6,0.984
32,32,/songs/2831278,Dua Lipa,Save Someone,https://genius.com/Dua-lipa-save-someone-lyrics,http://api.genius.com/songs/2831278,Unreleased,2018-09-21," I'm here for you And if you just breathed your last breath I'd give you my air 'til I had nothing left I'd never let you go   If you were on the edge of a bridge I'd push you to live I'm your parachute, don't you ever forget And if you get the chance to return the gift   Promise me you'll save someone If you can, if you can Save someone Understand, understand Some have been chosen to wake up the broken Promise you won't turn away Oh, save someone",1,1,0,2,6,2,8,1,2,6,0.94
33,33,/songs/4165753,Dua Lipa,Swan Song,https://genius.com/Dua-lipa-swan-song-lyrics,http://api.genius.com/songs/4165753,Now That's What I Call Music! 102,2019-01-24," I, I can't lie, I'm scared to open my eyes 'Cause what if I find nothing at all, nothing at all? What is the point of my lips if they don't make noise? Oh What is the point of doing nothing at all, watching it fall?   The flicker burning, you know the time is running, running out Only I see, oh, the diamonds, diamonds breaking down I won't stay quiet, I won't stay quiet 'Cause staying silent's the same as dying I won't stay quiet, the flicker's burning now   This is not a, this is not a swan, swan song This is not a, this is not a swan, swan song We just gotta, we just gotta hold on tonight This is not a, this is not a swan song, swan song, swan dive Yeah, it's a new life   Real fantasy, wishing it was make-believe, oh What is the reason of doing nothing at all, watching it fall?   The flicker burning, you know the time is running, running out Only I see, oh, the diamonds, diamonds breaking down I won't stay quiet, I won't stay quiet 'Cause staying silent's the same as dying I won't stay quiet, the flicker's burning now   This is not a, this is not a swan, swan song This is not a, this is not a swan, swan song We just gotta, we just gotta hold on tonight This is not a, this is not a swan song, swan song, swan dive Yeah, it's a new life   Tread heavily around me Tread heavily around me Tread heavily Tread heavily around me Tread heavily, tread   This is not a, this is not a Swan (Tread heavily), swan song (Tread) This is not a, this is not a Swan (Tread heavily), swan song (Tread) We just gotta, we just gotta hold on tonight (Tread heavily) This is not a, this is not a swan song, swan song, swan dive Yeah, it's a new life   It's a new life",3,2,3,2,4,14,13,11,0,2,0.871
34,34,/songs/4466067,Dua Lipa,Swan Song (Rework),https://genius.com/Dua-lipa-swan-song-rework-lyrics,http://api.genius.com/songs/4466067,Swan Song (Remixes),2019-04-12," I, I can't lie, I'm scared to open my eyes 'Cause what if I find nothing at all, nothing at all? What is the point of my lips if they don't make noise? Oh What is the point of doing nothing at all, watching it fall?   The flicker burning, you know the time is running, running out Only I see, oh, the diamonds, diamonds breaking down I won't stay quiet, I won't stay quiet 'Cause staying silent's the same as dying I won't stay quiet, the flicker's burning now   This is not a, this is not a swan, swan song This is not a, this is not a swan, swan song We just gotta, we just gotta hold on tonight This is not a, this is not a swan song, swan song, swan dive Yeah, it's a new life   Real fantasy, wishing it was make-believe, oh What is the reason of doing nothing at all, watching it fall?   The flicker burning, you know the time is running, running out Only I see, oh, the diamonds, diamonds breaking down I won't stay quiet, I won't stay quiet 'Cause staying silent's the same as dying I won't stay quiet, the flicker's burning now   This is not a, this is not a swan, swan song This is not a, this is not a swan, swan song We just gotta, we just gotta hold on tonight This is not a, this is not a swan song, swan song, swan dive Yeah, it's a new life   Tread heavily around me Tread heavily around me   This is not a, this is not a swan, swan song This is not a, this is not a swan, swan song We just gotta, we just gotta hold on tonight This is not a, this is not a swan song, swan song, swan dive Yeah, it's a new life   It's a new life",3,2,3,2,4,8,13,11,0,2,0.871
35,35,/songs/2954571,Dua Lipa,The Hills,https://genius.com/Dua-lipa-the-hills-lyrics,http://api.genius.com/songs/2954571,None,2016-01-29," Homegirl on the road, she doin' promo You said, ""Keep our business on the low-low"" I'm just tryna get you out the friend zone 'Cause you look even better than the photos I can't find your house, send me the info Drivin' through the gated residential Found out I was comin', sent your friends home Keep on tryna hide it but your friends know   I only call you when it's half past five The only time I'd ever call you mine I only love it when you touch me, not feel me 'Cause I'm messed up, that's the real me 'Cause I'm messed up, that's the real me, babe I only love you when it's half past five The only time I'd ever call you mine I only love it when you touch me, not feel me 'Cause I'm messed up, that's the real me 'Cause I'm messed up, that's the real me, babe   I'ma let you know and keep it simple Tryna keep it up don't seem so simple I just keep my business on the low-low You gon' have to do it at my tempo Always tryna send me off to rehab Love started feelin' like it's decaf I'm just tryna live life for the moment And all those and their mothers want a relapse   I only call you when it's half past five The only time I'd ever call you mine I only love it when you touch me, not feel me 'Cause I'm messed up, that's the real me 'Cause I'm messed up, that's the real me, babe I only love you when it's half past five The only time I'd ever call you mine I only love it when you touch me, not feel me 'Cause I'm messed up, that's the real me 'Cause I'm messed up, that's the real me, babe   Hills have eyes, the hills have eyes Who are you to judge, who are you to judge? Hide your lies, boy, hide your lies Only you to trust, only you   I only call you when it's half past five The only time I'd ever call you mine I only love it when you touch me, not feel me 'Cause I'm messed up, that's the real me 'Cause I'm messed up, that's the real me, babe I only love you when it's half past five The only time I'd ever call you mine I only love it when you touch me, not feel me 'Cause I'm messed up, that's the real me 'Cause I'm messed up, that's the real me, babe   That's the real me, babe",2,7,3,4,15,5,29,4,0,20,0.9901
36,36,/songs/2313599,Dua Lipa,Thinking 'Bout You,https://genius.com/Dua-lipa-thinking-bout-you-lyrics,http://api.genius.com/songs/2313599,Dua Lipa (Deluxe),2017-01-06,"3 A.M. and my neighbors hate me Music blasting, shaking these walls This time Mary Jane won't save me I've been working later, I've been drinking stronger I've been smoking deeper but the memories won't stop   I can't stop thinking 'bout you I can't stop thinking 'bout you I can't get high, I can't get by, I can't get through I can't stop thinking 'bout you   Like poison coursing through me So clear my vision is blurred The haze won't put my mind at ease I've been sleeping later, I've been breathing stronger I've been digging deeper, but the memories won't stop   I can't stop thinking 'bout you I can't stop thinking 'bout you I can't get high, I can't get by, I can't get through I can't stop thinking 'bout you   I want you all Say it before you run out of time I want you all Say it before it's too late I want you all Say what I am feeling now I want you all Waiting is insane   I can't stop thinking 'bout you I can't stop thinking 'bout you I can't get high, I can't get by, I can't get through I can't stop thinking 'bout you I can't stop thinking 'bout you I can't get high, I can't get by, I can't get through I can't stop thinking 'bout you",15,5,3,6,3,21,7,5,1,3,0.9874
37,37,/songs/3749366,Dua Lipa,UEFA Champions League Final Medley,https://genius.com/Dua-lipa-uefa-champions-league-final-medley-lyrics,http://api.genius.com/songs/3749366,None,2018-05-26,"Are you ready?   One kiss is all it takes Fallin' in love with me Possibilities I look like all you need One kiss is all it takes Fallin' in love with me Possibilities I look like all you need  Let me take the night, I love real easy And I know that you'll still wanna see me On the Sunday morning, music real loud Let me love you while the moon is still out  Something in you lit up heaven in me The feeling won't let me sleep 'Cause I'm lost in the way you move, the way you feel  One kiss is all it takes Fallin' in love with me Possibilities I look like all you need One kiss is all it takes Fallin' in love with me Possibilities I look like all you need  (One) I look like all you need (One) I look like all you need  (I look like all you need) (I look, I look like) (Look, I look like all you need) (One, one, one, one...)  [Verse 2: ""No Lie,"" Sean Paul & Dua Lipa] Baby girl, yuh a carry ten ton a phatness, gimme some a' dat Mixed wid the badness, look how she hot Shaped like goddess, but a nah jus dat Good piece 'a mentals under di cap Hot piece of frame an mi love how yuh trod Watching every step 'a di pepper deh whe yuh got Stayin' in ma brain, memory cyah detach Mainly my aim is to give you this love  Hypnotic, the way you move Let me acknowledge the way you do And I would not lie, baby you Beam me up like Scotty Well, it's hypnotic, the way you move That's why I wanted to get to you And I would not lie, baby you Move so hypnotic  No lie-i-ie Gyal we never miss Feel your eyes, they're all over me Don't be shy, take control of me Get the vibe, it's gonna be lit tonight Gyal we never miss, gyal we never miss No li-i-i-ie Hypnotized, pull another one It's alright, I know what you want Get the vibe, it's gonna be lit tonight Gyal we never miss, gyal we never miss No li-i-ie Same suh we do it No li-i-ie It's always how we do it No li-i-ie Same suh we do it It's gonna be lit tonight No li-i-ie Same suh we do it No li-i-ie It's always how we do it No li-i-ie Same suh we do it It's gonna be lit tonight No lie-i-ie  [Verse 3: ""Be the One""] Hey, I see the moon, I see the moon, I see the moon Oh, when you're looking at the sun You're not a fool, I'm not a fool, not a fool No, you're not fooling anyone  Oh baby, come on, let me get to know you Just another chance so that I can show That I won't let you down and run No, I won't let you down and run 'Cause I could be the one I could be the one I could be the one   You say you're sorry, but it's too late now So save it, get gone, shut up 'Cause if you think I care about you now Well, boy, I don't give a  I see you tryna' get to me I see you beggin' on your knees (Please) Boy, I don't give a So stop tryna' get to me Tch, get up off your knees 'Cause, boy, I don't give a uh, uh, uh   (One, one, one, one...)  Talkin' in my sleep at night, makin' myself crazy (Out of my mind, out of my mind) Wrote it down and read it out, hopin' it would save me (Too many times, too many times)  One: Don't pick up the phone You know he's only callin' 'cause he's drunk and alone Two: Don't let him in You'll have to kick him out again Three: Don't be his friend You know you're gonna wake up in his bed in the morning And if you're under him, you ain't gettin' over him  I got new rules, I count 'em (Hey, come on!) I got new rules, I count 'em I gotta tell them to myself I got new rules, I count 'em I gotta tell them to myself (Come on!)  Don't let him in, don't let him in Don't, don't, don't, don't... Don't be his friend, don't be his friend Don't, don't, don't, don't... Don't let him in, don't let him in Don't, don't, don't, don't... Don't be his friend, don't be his friend Don't, don't, don't... You're gettin' over him",11,15,13,6,28,17,65,10,8,50,0.9903
38,38,/songs/3099489,Dua Lipa,Want To,https://genius.com/Dua-lipa-want-to-lyrics,http://api.genius.com/songs/3099489,Dua Lipa (Complete Edition),2018-09-07," I'm young for tonight, it's all under my control I won't hesitate, it's my turn to make that call I just want a touch, I ain't here for love no more Okay, yeah   I won't stop, nah, no Guess what? Eh la, eh la, it's my body Ride a golden light Eh la, eh la, it's my body I'll dance if I want to   Eh la, eh la, it's my body Eh la, eh la, it's my body   Some people do, but some, they just like to talk, okay Some shoot the breeze, but some like to leave a mark, okay Some need the light, and some people like the dark Okay, yeah   I won't stop, nah, no Guess what? Eh la, eh la, it's my body Ride a golden light Eh la, eh la, it's my body I'll dance if I want to   Eh la, eh la, it's my body Eh la, eh la, it's my body   Gimme release, keep the drugs Gimme relief, keep the love Just gimme a piece of that, one piece of that Give it to me, don't judge Just give it to me, no heart No second degree tonight, run free tonight I'll dance if I want to   My body, my body, my body Eh la, eh la, it's my body Eh la, eh la, it's my body My body, my body, my body Eh la, eh la, it's my body Gonna dance if I want to, want to Gonna dance if I want to, want to Eh la, eh la, it's my body",1,1,0,1,8,2,12,2,4,6,0.9628
39,39,/songs/3106237,Dua Lipa,Yours,https://genius.com/Dua-lipa-yours-lyrics,http://api.genius.com/songs/3106237,Unreleased,2018-09-21," What are we waiting for? Are you in or out? Finally, I can see what my heart needs now I believe you and me We can work somehow Eh-eh-eh-eh Hold my hand Take a risk 'til it all falls down Is it a sin to commit? If so, help me now What's a day without a kiss? Can we live out loud?   All we ever do is night time lately I've been waiting for a lifetime for too long I've been waiting for the right time, baby   I wanna be yours (hey) I wanna be everything you ever dreamed of I wanna be yours (ooh-hoo) Are you lookin' at anybody else? Because I wanna be yours (I wanna be) yours (I wanna, wanna be) yours I wanna be yours Hoo-ooh-ooh-ooh   Feel the rush when we touch Electricity Feel the heat, light me up One hundred degrees This is more than the crush It was meant to be Eh   All we ever do is night time lately I've been waiting for a lifetime for too long I've been waiting for the right time, baby   I wanna be yours (hey) I wanna be everything you ever dreamed of I wanna be yours (ooh-hoo) Are you lookin' at anybody else? Because I wanna be yours (I wanna be) yours (I wanna, wanna be) yours I wanna be yours Hoo-ooh-ooh-ooh   I wanna be fine I wanna be that favorite drunken call Oh, say you will be mine Say you will be mine   I wanna be yours (hey) I wanna be everything you ever dreamed of I wanna be yours (ooh-hoo) Are you lookin' at anybody else? Because I wanna be yours (I wanna be) yours (I wanna, wanna be) yours I wanna be yours Hoo-ooh-ooh-ooh",1,9,3,2,5,4,7,2,2,2,0.6437
